Workbook

Sheet DP1.0
A1: =Document!B6 & "-" & Document!B2 -> 350-1267 | B1: Micro-Activities: 1) List of activites that are typically half-an-hour to two hours in duration; include relevant facts & details. 2) Ensure that you make a log entry at least every two hours. 3) If a task takes many hours, break up the activies into multiple log entries. Each log entry should describe your accomplishments for time blocks of approximately two hours.
A2: Student Name: | B2: Nazim Mete Balci | E2: Activity Log for First Design Project 1.0 (organisation & template reports)
A3: Full Student Number: | B3: 301578293
A4: Group Number: | B4: G08
A5: Members Relative Contribution: (estimate your contribution to this phase of the project) | B5: 0.25
A6: rsvd | B6: last 4 digits | C6: date | D6: starttime | E6: endtime | F6: rsvd | G6: description of Micro-Activity ( include relevant facts and details) | H6: Duration
B7: 8293 | C7: 46306 | D7: 0.79861111 | E7: 0.81944444 | F7: =IF(AND(NOT(ISBLANK($D7)),NOT(ISBLANK($E7)),OR($H7<0,$H7>2)),"ERROR","") | G7: Created project report's titles, and the main structure. | H7: =IF(E7>=D7, E7-D7, 1-D7+E7)*24 -> 0.5
B8: 8293 | C8: 46306 | D8: 0.91666667 | E8: 0.93055556 | F8: =IF(AND(NOT(ISBLANK($D8)),NOT(ISBLANK($E8)),OR($H8<0,$H8>2)),"ERROR","") | G8: Proof reading files and fixing small typos. | H8: =IF(E8>=D8, E8-D8, 1-D8+E8)*24 -> 0.33333333
F9: =IF(AND(NOT(ISBLANK($D9)),NOT(ISBLANK($E9)),OR($H9<0,$H9>2)),"ERROR","") | H9: =IF(E9>=D9, E9-D9, 1-D9+E9)*24 -> 0
F10: =IF(AND(NOT(ISBLANK($D10)),NOT(ISBLANK($E10)),OR($H10<0,$H10>2)),"ERROR","") | H10: =IF(E10>=D10, E10-D10, 1-D10+E10)*24 -> 0
F11: =IF(AND(NOT(ISBLANK($D11)),NOT(ISBLANK($E11)),OR($H11<0,$H11>2)),"ERROR","") | H11: =IF(E11>=D11, E11-D11, 1-D11+E11)*24 -> 0
F12: =IF(AND(NOT(ISBLANK($D12)),NOT(ISBLANK($E12)),OR($H12<0,$H12>2)),"ERROR","") | H12: =IF(E12>=D12, E12-D12, 1-D12+E12)*24 -> 0
F13: =IF(AND(NOT(ISBLANK($D13)),NOT(ISBLANK($E13)),OR($H13<0,$H13>2)),"ERROR","") | H13: =IF(E13>=D13, E13-D13, 1-D13+E13)*24 -> 0
F14: =IF(AND(NOT(ISBLANK($D14)),NOT(ISBLANK($E14)),OR($H14<0,$H14>2)),"ERROR","") | H14: =IF(E14>=D14, E14-D14, 1-D14+E14)*24 -> 0
F15: =IF(AND(NOT(ISBLANK($D15)),NOT(ISBLANK($E15)),OR($H15<0,$H15>2)),"ERROR","") | H15: =IF(E15>=D15, E15-D15, 1-D15+E15)*24 -> 0
F16: =IF(AND(NOT(ISBLANK($D16)),NOT(ISBLANK($E16)),OR($H16<0,$H16>2)),"ERROR","") | H16: =IF(E16>=D16, E16-D16, 1-D16+E16)*24 -> 0
F17: =IF(AND(NOT(ISBLANK($D17)),NOT(ISBLANK($E17)),OR($H17<0,$H17>2)),"ERROR","") | H17: =IF(E17>=D17, E17-D17, 1-D17+E17)*24 -> 0
F18: =IF(AND(NOT(ISBLANK($D18)),NOT(ISBLANK($E18)),OR($H18<0,$H18>2)),"ERROR","") | H18: =IF(E18>=D18, E18-D18, 1-D18+E18)*24 -> 0
F19: =IF(AND(NOT(ISBLANK($D19)),NOT(ISBLANK($E19)),OR($H19<0,$H19>2)),"ERROR","") | H19: =IF(E19>=D19, E19-D19, 1-D19+E19)*24 -> 0
F20: =IF(AND(NOT(ISBLANK($D20)),NOT(ISBLANK($E20)),OR($H20<0,$H20>2)),"ERROR","") | H20: =IF(E20>=D20, E20-D20, 1-D20+E20)*24 -> 0
... F79: =IF(AND(NOT(ISBLANK($D79)),NOT(ISBLANK($E79)),OR($H79<0,$H79>2)),"ERROR","") | H79: =IF(E79>=D79, E79-D79, 1-D79+E79)*24 -> 0
H80: =SUM(H7:H79) -> 0.83333333

Sheet DP1.1
A1: =Document!B6 & "-" & Document!B2 -> 350-1267 | B1: Micro-Activities: 1) List of activites that are typically half-an-hour to two hours in duration; include relevant facts & details. 2) Ensure that you make a log entry at least every two hours. 3) If a task takes many hours, break up the activies into multiple log entries. Each log entry should describe your accomplishments for time blocks of approximately two hours.
A2: Student Name: | B2: Nazim Mete Balci | E2: Activity Log for First Design Project 1.1 (project research, development & documentation)
A3: Full Student Number: | B3: 301578293
A4: Group Number: | B4: G08
A5: Members Relative Contribution: (estimate your contribution to this phase of the project) | B5: 0.33
A6: rsvd | B6: last 4 digits | C6: date | D6: starttime | E6: endtime | F6: rsvd | G6: description of Micro-Activity ( include relevant facts and details) | H6: Duration
B7: 8293 | D7: 0.75 | E7: 0.81944444 | F7: =IF(AND(NOT(ISBLANK($D7)),NOT(ISBLANK($E7)),OR($H7<0,$H7>2)),"ERROR","") | G7: Coding Carry skip. Writing testbenches for baseline and conditional sum. Python generator for tvs file. | H7: =IF(E7>=D7, E7-D7, 1-D7+E7)*24 -> 1.6666667
B8: 8293 | D8: 0.875 | E8: 0.9375 | F8: =IF(AND(NOT(ISBLANK($D8)),NOT(ISBLANK($E8)),OR($H8<0,$H8>2)),"ERROR","") | G8: Added functional verification part and graphs. | H8: =IF(E8>=D8, E8-D8, 1-D8+E8)*24 -> 1.5
B9: 8293 | D9: 0.95833333 | E9: 0.98611111 | F9: =IF(AND(NOT(ISBLANK($D9)),NOT(ISBLANK($E9)),OR($H9<0,$H9>2)),"ERROR","") | G9: Proof reading reports | H9: =IF(E9>=D9, E9-D9, 1-D9+E9)*24 -> 0.66666667
F10: =IF(AND(NOT(ISBLANK($D10)),NOT(ISBLANK($E10)),OR($H10<0,$H10>2)),"ERROR","") | H10: =IF(E10>=D10, E10-D10, 1-D10+E10)*24 -> 0
F11: =IF(AND(NOT(ISBLANK($D11)),NOT(ISBLANK($E11)),OR($H11<0,$H11>2)),"ERROR","") | H11: =IF(E11>=D11, E11-D11, 1-D11+E11)*24 -> 0
F12: =IF(AND(NOT(ISBLANK($D12)),NOT(ISBLANK($E12)),OR($H12<0,$H12>2)),"ERROR","") | H12: =IF(E12>=D12, E12-D12, 1-D12+E12)*24 -> 0
F13: =IF(AND(NOT(ISBLANK($D13)),NOT(ISBLANK($E13)),OR($H13<0,$H13>2)),"ERROR","") | H13: =IF(E13>=D13, E13-D13, 1-D13+E13)*24 -> 0
F14: =IF(AND(NOT(ISBLANK($D14)),NOT(ISBLANK($E14)),OR($H14<0,$H14>2)),"ERROR","") | H14: =IF(E14>=D14, E14-D14, 1-D14+E14)*24 -> 0
F15: =IF(AND(NOT(ISBLANK($D15)),NOT(ISBLANK($E15)),OR($H15<0,$H15>2)),"ERROR","") | H15: =IF(E15>=D15, E15-D15, 1-D15+E15)*24 -> 0
F16: =IF(AND(NOT(ISBLANK($D16)),NOT(ISBLANK($E16)),OR($H16<0,$H16>2)),"ERROR","") | H16: =IF(E16>=D16, E16-D16, 1-D16+E16)*24 -> 0
F17: =IF(AND(NOT(ISBLANK($D17)),NOT(ISBLANK($E17)),OR($H17<0,$H17>2)),"ERROR","") | H17: =IF(E17>=D17, E17-D17, 1-D17+E17)*24 -> 0
F18: =IF(AND(NOT(ISBLANK($D18)),NOT(ISBLANK($E18)),OR($H18<0,$H18>2)),"ERROR","") | H18: =IF(E18>=D18, E18-D18, 1-D18+E18)*24 -> 0
F19: =IF(AND(NOT(ISBLANK($D19)),NOT(ISBLANK($E19)),OR($H19<0,$H19>2)),"ERROR","") | H19: =IF(E19>=D19, E19-D19, 1-D19+E19)*24 -> 0
F20: =IF(AND(NOT(ISBLANK($D20)),NOT(ISBLANK($E20)),OR($H20<0,$H20>2)),"ERROR","") | H20: =IF(E20>=D20, E20-D20, 1-D20+E20)*24 -> 0
F21: =IF(AND(NOT(ISBLANK($D21)),NOT(ISBLANK($E21)),OR($H21<0,$H21>2)),"ERROR","") | H21: =IF(E21>=D21, E21-D21, 1-D21+E21)*24 -> 0
... F79: =IF(AND(NOT(ISBLANK($D79)),NOT(ISBLANK($E79)),OR($H79<0,$H79>2)),"ERROR","") | H79: =IF(E79>=D79, E79-D79, 1-D79+E79)*24 -> 0
H80: =SUM(H7:H79) -> 3.8333333

Sheet DP1.2
A1: =Document!B6 & "-" & Document!B2 -> 350-1267 | B1: Micro-Activities: 1) List of activites that are typically half-an-hour to two hours in duration; include relevant facts & details. 2) Ensure that you make a log entry at least every two hours. 3) If a task takes many hours, break up the activies into multiple log entries. Each log entry should describe your accomplishments for time blocks of approximately two hours.
A2: Student Name: | E2: Activity Log for First Design Project 1.2 (project revision)
A3: Full Student Number:
A4: Group Number: | B4: Gxx
A5: Members Relative Contribution: (estimate your contribution to this phase of the project) | B5: %
A6: rsvd | B6: last 4 digits | C6: date | D6: starttime | E6: endtime | F6: rsvd | G6: description of Micro-Activity ( include relevant facts and details) | H6: Duration
F7: =IF(AND(NOT(ISBLANK($D7)),NOT(ISBLANK($E7)),OR($H7<0,$H7>2)),"ERROR","") | H7: =IF(E7>=D7, E7-D7, 1-D7+E7)*24 -> 0
F8: =IF(AND(NOT(ISBLANK($D8)),NOT(ISBLANK($E8)),OR($H8<0,$H8>2)),"ERROR","") | H8: =IF(E8>=D8, E8-D8, 1-D8+E8)*24 -> 0
F9: =IF(AND(NOT(ISBLANK($D9)),NOT(ISBLANK($E9)),OR($H9<0,$H9>2)),"ERROR","") | H9: =IF(E9>=D9, E9-D9, 1-D9+E9)*24 -> 0
F10: =IF(AND(NOT(ISBLANK($D10)),NOT(ISBLANK($E10)),OR($H10<0,$H10>2)),"ERROR","") | H10: =IF(E10>=D10, E10-D10, 1-D10+E10)*24 -> 0
F11: =IF(AND(NOT(ISBLANK($D11)),NOT(ISBLANK($E11)),OR($H11<0,$H11>2)),"ERROR","") | H11: =IF(E11>=D11, E11-D11, 1-D11+E11)*24 -> 0
F12: =IF(AND(NOT(ISBLANK($D12)),NOT(ISBLANK($E12)),OR($H12<0,$H12>2)),"ERROR","") | H12: =IF(E12>=D12, E12-D12, 1-D12+E12)*24 -> 0
F13: =IF(AND(NOT(ISBLANK($D13)),NOT(ISBLANK($E13)),OR($H13<0,$H13>2)),"ERROR","") | H13: =IF(E13>=D13, E13-D13, 1-D13+E13)*24 -> 0
F14: =IF(AND(NOT(ISBLANK($D14)),NOT(ISBLANK($E14)),OR($H14<0,$H14>2)),"ERROR","") | H14: =IF(E14>=D14, E14-D14, 1-D14+E14)*24 -> 0
F15: =IF(AND(NOT(ISBLANK($D15)),NOT(ISBLANK($E15)),OR($H15<0,$H15>2)),"ERROR","") | H15: =IF(E15>=D15, E15-D15, 1-D15+E15)*24 -> 0
F16: =IF(AND(NOT(ISBLANK($D16)),NOT(ISBLANK($E16)),OR($H16<0,$H16>2)),"ERROR","") | H16: =IF(E16>=D16, E16-D16, 1-D16+E16)*24 -> 0
F17: =IF(AND(NOT(ISBLANK($D17)),NOT(ISBLANK($E17)),OR($H17<0,$H17>2)),"ERROR","") | H17: =IF(E17>=D17, E17-D17, 1-D17+E17)*24 -> 0
F18: =IF(AND(NOT(ISBLANK($D18)),NOT(ISBLANK($E18)),OR($H18<0,$H18>2)),"ERROR","") | H18: =IF(E18>=D18, E18-D18, 1-D18+E18)*24 -> 0
... F79: =IF(AND(NOT(ISBLANK($D79)),NOT(ISBLANK($E79)),OR($H79<0,$H79>2)),"ERROR","") | H79: =IF(E79>=D79, E79-D79, 1-D79+E79)*24 -> 0
H80: =SUM(H7:H79) -> 0

Sheet DP2.0
A1: =Document!B6 & "-" & Document!B2 -> 350-1267 | B1: Micro-Activities: 1) List of activites that are typically half-an-hour to two hours in duration; include relevant facts & details. 2) Ensure that you make a log entry at least every two hours. 3) If a task takes many hours, break up the activies into multiple log entries. Each log entry should describe your accomplishments for time blocks of approximately two hours.
A2: Student Name: | E2: Activity Log for Second Design Project 2.0 (organisation & template reports)
A3: Full Student Number:
A4: Group Number: | B4: Gxx
A5: Members Relative Contribution: (estimate your contribution to this phase of the project) | B5: %
A6: rsvd | B6: last 4 digits | C6: date | D6: starttime | E6: endtime | F6: rsvd | G6: description of Micro-Activity ( include relevant facts and details) | H6: Duration
F7: =IF(AND(NOT(ISBLANK($D7)),NOT(ISBLANK($E7)),OR($H7<0,$H7>2)),"ERROR","") | H7: =IF(E7>=D7, E7-D7, 1-D7+E7)*24 -> 0
F8: =IF(AND(NOT(ISBLANK($D8)),NOT(ISBLANK($E8)),OR($H8<0,$H8>2)),"ERROR","") | H8: =IF(E8>=D8, E8-D8, 1-D8+E8)*24 -> 0
F9: =IF(AND(NOT(ISBLANK($D9)),NOT(ISBLANK($E9)),OR($H9<0,$H9>2)),"ERROR","") | H9: =IF(E9>=D9, E9-D9, 1-D9+E9)*24 -> 0
F10: =IF(AND(NOT(ISBLANK($D10)),NOT(ISBLANK($E10)),OR($H10<0,$H10>2)),"ERROR","") | H10: =IF(E10>=D10, E10-D10, 1-D10+E10)*24 -> 0
F11: =IF(AND(NOT(ISBLANK($D11)),NOT(ISBLANK($E11)),OR($H11<0,$H11>2)),"ERROR","") | H11: =IF(E11>=D11, E11-D11, 1-D11+E11)*24 -> 0
F12: =IF(AND(NOT(ISBLANK($D12)),NOT(ISBLANK($E12)),OR($H12<0,$H12>2)),"ERROR","") | H12: =IF(E12>=D12, E12-D12, 1-D12+E12)*24 -> 0
F13: =IF(AND(NOT(ISBLANK($D13)),NOT(ISBLANK($E13)),OR($H13<0,$H13>2)),"ERROR","") | H13: =IF(E13>=D13, E13-D13, 1-D13+E13)*24 -> 0
F14: =IF(AND(NOT(ISBLANK($D14)),NOT(ISBLANK($E14)),OR($H14<0,$H14>2)),"ERROR","") | H14: =IF(E14>=D14, E14-D14, 1-D14+E14)*24 -> 0
F15: =IF(AND(NOT(ISBLANK($D15)),NOT(ISBLANK($E15)),OR($H15<0,$H15>2)),"ERROR","") | H15: =IF(E15>=D15, E15-D15, 1-D15+E15)*24 -> 0
F16: =IF(AND(NOT(ISBLANK($D16)),NOT(ISBLANK($E16)),OR($H16<0,$H16>2)),"ERROR","") | H16: =IF(E16>=D16, E16-D16, 1-D16+E16)*24 -> 0
F17: =IF(AND(NOT(ISBLANK($D17)),NOT(ISBLANK($E17)),OR($H17<0,$H17>2)),"ERROR","") | H17: =IF(E17>=D17, E17-D17, 1-D17+E17)*24 -> 0
F18: =IF(AND(NOT(ISBLANK($D18)),NOT(ISBLANK($E18)),OR($H18<0,$H18>2)),"ERROR","") | H18: =IF(E18>=D18, E18-D18, 1-D18+E18)*24 -> 0
... F79: =IF(AND(NOT(ISBLANK($D79)),NOT(ISBLANK($E79)),OR($H79<0,$H79>2)),"ERROR","") | H79: =IF(E79>=D79, E79-D79, 1-D79+E79)*24 -> 0
H80: =SUM(H7:H79) -> 0

Sheet DP2.1
A1: =Document!B6 & "-" & Document!B2 -> 350-1267 | B1: Micro-Activities: 1) List of activites that are typically half-an-hour to two hours in duration; include relevant facts & details. 2) Ensure that you make a log entry at least every two hours. 3) If a task takes many hours, break up the activies into multiple log entries. Each log entry should describe your accomplishments for time blocks of approximately two hours.
A2: Student Name: | B2: Nazim Mete Balci | E2: Activity Log for Second Design Project 2.1 (project research, development & documentation)
A3: Full Student Number: | B3: 301578293
A4: Group Number: | B4: G08
A5: Members Relative Contribution: (estimate your contribution to this phase of the project) | B5: 0.25
A6: rsvd | B6: last 4 digits | C6: date | D6: starttime | E6: endtime | F6: rsvd | G6: description of Micro-Activity ( include relevant facts and details) | H6: Duration
B7: 8293 | F7: =IF(AND(NOT(ISBLANK($D7)),NOT(ISBLANK($E7)),OR($H7<0,$H7>2)),"ERROR","") | H7: =IF(E7>=D7, E7-D7, 1-D7+E7)*24 -> 0
F8: =IF(AND(NOT(ISBLANK($D8)),NOT(ISBLANK($E8)),OR($H8<0,$H8>2)),"ERROR","") | H8: =IF(E8>=D8, E8-D8, 1-D8+E8)*24 -> 0
F9: =IF(AND(NOT(ISBLANK($D9)),NOT(ISBLANK($E9)),OR($H9<0,$H9>2)),"ERROR","") | H9: =IF(E9>=D9, E9-D9, 1-D9+E9)*24 -> 0
F10: =IF(AND(NOT(ISBLANK($D10)),NOT(ISBLANK($E10)),OR($H10<0,$H10>2)),"ERROR","") | H10: =IF(E10>=D10, E10-D10, 1-D10+E10)*24 -> 0
F11: =IF(AND(NOT(ISBLANK($D11)),NOT(ISBLANK($E11)),OR($H11<0,$H11>2)),"ERROR","") | H11: =IF(E11>=D11, E11-D11, 1-D11+E11)*24 -> 0
F12: =IF(AND(NOT(ISBLANK($D12)),NOT(ISBLANK($E12)),OR($H12<0,$H12>2)),"ERROR","") | H12: =IF(E12>=D12, E12-D12, 1-D12+E12)*24 -> 0
F13: =IF(AND(NOT(ISBLANK($D13)),NOT(ISBLANK($E13)),OR($H13<0,$H13>2)),"ERROR","") | H13: =IF(E13>=D13, E13-D13, 1-D13+E13)*24 -> 0
F14: =IF(AND(NOT(ISBLANK($D14)),NOT(ISBLANK($E14)),OR($H14<0,$H14>2)),"ERROR","") | H14: =IF(E14>=D14, E14-D14, 1-D14+E14)*24 -> 0
F15: =IF(AND(NOT(ISBLANK($D15)),NOT(ISBLANK($E15)),OR($H15<0,$H15>2)),"ERROR","") | H15: =IF(E15>=D15, E15-D15, 1-D15+E15)*24 -> 0
F16: =IF(AND(NOT(ISBLANK($D16)),NOT(ISBLANK($E16)),OR($H16<0,$H16>2)),"ERROR","") | H16: =IF(E16>=D16, E16-D16, 1-D16+E16)*24 -> 0
F17: =IF(AND(NOT(ISBLANK($D17)),NOT(ISBLANK($E17)),OR($H17<0,$H17>2)),"ERROR","") | H17: =IF(E17>=D17, E17-D17, 1-D17+E17)*24 -> 0
F18: =IF(AND(NOT(ISBLANK($D18)),NOT(ISBLANK($E18)),OR($H18<0,$H18>2)),"ERROR","") | H18: =IF(E18>=D18, E18-D18, 1-D18+E18)*24 -> 0
F19: =IF(AND(NOT(ISBLANK($D19)),NOT(ISBLANK($E19)),OR($H19<0,$H19>2)),"ERROR","") | H19: =IF(E19>=D19, E19-D19, 1-D19+E19)*24 -> 0
... F79: =IF(AND(NOT(ISBLANK($D79)),NOT(ISBLANK($E79)),OR($H79<0,$H79>2)),"ERROR","") | H79: =IF(E79>=D79, E79-D79, 1-D79+E79)*24 -> 0
H80: =SUM(H7:H79) -> 0

Sheet FP
A1: =Document!B6 & "-" & Document!B2 -> 350-1267 | B1: Micro-Activities: 1) List of activites that are typically half-an-hour to two hours in duration; include relevant facts & details. 2) Ensure that you make a log entry at least every two hours. 3) If a task takes many hours, break up the activies into multiple log entries. Each log entry should describe your accomplishments for time blocks of approximately two hours.
A2: Student Name: | E2: Activity Log for Final Project (project research, development & documentation)
A3: Full Student Number:
A4: Group Number: | B4: Gxx
A5: Members Relative Contribution: (estimate your contribution to this phase of the project) | B5: %
A6: rsvd | B6: last 4 digits | C6: date | D6: starttime | E6: endtime | F6: rsvd | G6: description of Micro-Activity ( include relevant facts and details) | H6: Duration
F7: =IF(AND(NOT(ISBLANK($D7)),NOT(ISBLANK($E7)),OR($H7<0,$H7>2)),"ERROR","") | H7: =IF(E7>=D7, E7-D7, 1-D7+E7)*24 -> 0
F8: =IF(AND(NOT(ISBLANK($D8)),NOT(ISBLANK($E8)),OR($H8<0,$H8>2)),"ERROR","") | H8: =IF(E8>=D8, E8-D8, 1-D8+E8)*24 -> 0
F9: =IF(AND(NOT(ISBLANK($D9)),NOT(ISBLANK($E9)),OR($H9<0,$H9>2)),"ERROR","") | H9: =IF(E9>=D9, E9-D9, 1-D9+E9)*24 -> 0
F10: =IF(AND(NOT(ISBLANK($D10)),NOT(ISBLANK($E10)),OR($H10<0,$H10>2)),"ERROR","") | H10: =IF(E10>=D10, E10-D10, 1-D10+E10)*24 -> 0
F11: =IF(AND(NOT(ISBLANK($D11)),NOT(ISBLANK($E11)),OR($H11<0,$H11>2)),"ERROR","") | H11: =IF(E11>=D11, E11-D11, 1-D11+E11)*24 -> 0
F12: =IF(AND(NOT(ISBLANK($D12)),NOT(ISBLANK($E12)),OR($H12<0,$H12>2)),"ERROR","") | H12: =IF(E12>=D12, E12-D12, 1-D12+E12)*24 -> 0
F13: =IF(AND(NOT(ISBLANK($D13)),NOT(ISBLANK($E13)),OR($H13<0,$H13>2)),"ERROR","") | H13: =IF(E13>=D13, E13-D13, 1-D13+E13)*24 -> 0
F14: =IF(AND(NOT(ISBLANK($D14)),NOT(ISBLANK($E14)),OR($H14<0,$H14>2)),"ERROR","") | H14: =IF(E14>=D14, E14-D14, 1-D14+E14)*24 -> 0
F15: =IF(AND(NOT(ISBLANK($D15)),NOT(ISBLANK($E15)),OR($H15<0,$H15>2)),"ERROR","") | H15: =IF(E15>=D15, E15-D15, 1-D15+E15)*24 -> 0
F16: =IF(AND(NOT(ISBLANK($D16)),NOT(ISBLANK($E16)),OR($H16<0,$H16>2)),"ERROR","") | H16: =IF(E16>=D16, E16-D16, 1-D16+E16)*24 -> 0
F17: =IF(AND(NOT(ISBLANK($D17)),NOT(ISBLANK($E17)),OR($H17<0,$H17>2)),"ERROR","") | H17: =IF(E17>=D17, E17-D17, 1-D17+E17)*24 -> 0
F18: =IF(AND(NOT(ISBLANK($D18)),NOT(ISBLANK($E18)),OR($H18<0,$H18>2)),"ERROR","") | H18: =IF(E18>=D18, E18-D18, 1-D18+E18)*24 -> 0
... F79: =IF(AND(NOT(ISBLANK($D79)),NOT(ISBLANK($E79)),OR($H79<0,$H79>2)),"ERROR","") | H79: =IF(E79>=D79, E79-D79, 1-D79+E79)*24 -> 0
H80: =SUM(H7:H79) -> 0

Sheet Document
A1: Filename | B1: =CELL("filename",A1) -> C:\Users\Mete Balci\Downloads\[ProjectLog-G08-8293-350-1267.xlsx]Document
A2: Semester | B2: =IF(AND(MID(CELL("filename",B1),FIND("G",CELL("filename",B1))+3,1)="-",MID(CELL("filename",B1),FIND("G",CELL("filename",B1))+8,1)="-",MID(CELL("filename",B1),FIND("G",CELL("filename",B1))+12,1)="-"),MID(CELL("filename",B1),FIND("G",CELL("filename",B1))+13,4),"NOT FOUND") -> 1267
A3: Year | B3: ="20"&MID(B2,2,2) -> 2026
A4: Start Date | B4: =DATE(B3,CHOOSE(IFERROR(MATCH(RIGHT(B2,1)*1,{1,4,7},0),1),1,5,9),1) -> 46266
A5: End Date | B5: =EOMONTH(DATE(B3,CHOOSE(IFERROR(MATCH(RIGHT(B2,1)*1,{1,4,7},0),3),4,8,12),1),0) -> 46387
A6: Course Number | B6: =IF(AND(MID(CELL("filename",B1),FIND("G",CELL("filename",B1))+3,1)="-",MID(CELL("filename",B1),FIND("G",CELL("filename",B1))+8,1)="-",MID(CELL("filename",B1),FIND("G",CELL("filename",B1))+12,1)="-"),MID(CELL("filename",B1),FIND("G",CELL("filename",B1))+9,3),"NOT FOUND") -> 350
